run,dim,vars,xc1,dx,z1,z2,a1,a2,d1,d2,Ir,ex1,ex2,n1,n2,U,angle
0,5,xc1 dx a1 a2 d1,2.0,0.1,-0.01,-0.02,0.2,0.30543667473146147,2.0,2.0,-1.0,0,0,8,8,0.05007998579094963,[77.12229134]
1,5,xc1 dx a1 a2 d2,2.0,0.1,-0.01,-0.02,0.2,0.30543667473146147,2.0,2.0,-1.0,0,0,8,8,0.05007998579094963,[77.12229134]
2,5,xc1 dx a1 a2 ex1,2.0,0.10000010030898832,-0.01,-0.02,0.20000421547111918,0.20611311004103336,2.0,2.0,-1.0,0.9,0,1,1,5.866515633540359e-07,[55.99323553]
3,5,xc1 dx a1 a2 ex2,-0.7322450303252959,0.6211016040039252,-0.01,-0.02,0.5834753841063699,0.20710621754047553,2.0,2.0,-1.0,0,-0.4960050232639928,8,8,7.759845086337332e-11,[55.9980517]
4,5,xc1 dx a1 a2 Ir,-2.6648148238783684,0.1,-0.01,-0.02,0.3118996133368199,0.2,2.0,2.0,-1.0,0,0,8,8,0.05783985365987509,[9.81308536]
5,5,xc1 dx a1 d1 d2,-3.0,0.1,-0.01,-0.02,0.2584164083272216,0.2,2.0,2.0,-1.0,0,0,8,8,0.0033625052765264753,[55.07684346]
6,5,xc1 dx a1 d1 ex1,1.7597149500200604,0.1,-0.01,-0.02,0.2,0.2,2.0,2.0,-1.0,0.9,0,1,1,3.441291432372201e-06,[56.01853578]
7,5,xc1 dx a1 d1 ex2,-0.7303395047005691,0.6157810883247579,-0.01,-0.02,0.5762061815938552,0.2,2.0,2.0,-1.0,0,-0.4913358561728019,8,8,3.419304962244766e-13,[55.99995383]
8,5,xc1 dx a1 d1 Ir,-2.6648052278807173,0.1,-0.01,-0.02,0.3118995227069679,0.2,2.0,2.0,-1.0,0,0,8,8,0.05783985366503626,[9.81323633]
9,5,xc1 dx a1 d2 ex1,1.7597149500200604,0.1,-0.01,-0.02,0.2,0.2,2.0,2.0,-1.0,0.9,0,1,1,3.441291432372201e-06,[56.01853578]
10,5,xc1 dx a1 d2 ex2,-0.7303395047005691,0.6157810883247579,-0.01,-0.02,0.5762061815938552,0.2,2.0,2.0,-1.0,0,-0.4913358561728019,8,8,3.419304962244766e-13,[55.99995383]
11,5,xc1 dx a1 d2 Ir,-2.6648052278807173,0.1,-0.01,-0.02,0.3118995227069679,0.2,2.0,2.0,-1.0,0,0,8,8,0.05783985366503626,[9.81323633]
12,5,xc1 dx a1 ex1 ex2,1.759658389607075,0.1,-0.01,-0.02,0.2,0.2,2.0,2.0,-1.0,0.9,-0.9,1,1,3.4414685234576094e-06,[56.01688979]
13,5,xc1 dx a1 ex1 Ir,1.7599190809262109,0.1,-0.01,-0.02,0.2,0.2,2.0,2.0,-1.0,0.9,0,1,1,3.4409292517227053e-06,[56.02447657]
14,5,xc1 dx a1 ex2 Ir,-0.8038684247767229,0.5959828053232025,-0.01,-0.02,0.3805961974042066,0.2,2.0,2.0,-0.8642173737084089,0,-0.5252717337825342,8,8,4.596255082856717e-12,[56.00008593]
15,5,xc1 dx a2 d1 d2,2.0,0.1,-0.01,-0.02,0.2,0.26182209401458806,2.0,2.0,-1.0,0,0,8,8,0.02139203505469784,[19.36999007]
16,5,xc1 dx a2 d1 ex1,2.0,0.1,-0.01,-0.02,0.2,0.21327499348726603,2.0,2.0,-1.0,0.9,0,1,1,2.3488335610168003e-07,[36.0007407]
17,5,xc1 dx a2 d1 ex2,2.0,0.1,-0.01,-0.02,0.2,0.2,2.0,2.0,-1.0,0,-0.03510418517380734,8,8,0.00016586202837959985,[55.617543]
18,5,xc1 dx a2 d1 Ir,1.7779498181438058,0.1,-0.01,-0.02,0.2,0.3887649451818349,2.0,2.0,-0.8674760232010255,0,0,8,8,6.9168966530379386e-12,[56.00012582]
19,5,xc1 dx a2 d2 ex1,2.0,0.1,-0.01,-0.02,0.2,0.21327499348726603,2.0,2.0,-1.0,0.9,0,1,1,2.3488335610168003e-07,[36.0007407]
20,5,xc1 dx a2 d2 ex2,2.0,0.1,-0.01,-0.02,0.2,0.2,2.0,2.0,-1.0,0,-0.03510418517380734,8,8,0.00016586202837959985,[55.617543]
21,5,xc1 dx a2 d2 Ir,1.7779498181438058,0.1,-0.01,-0.02,0.2,0.3887649451818349,2.0,2.0,-0.8674760232010255,0,0,8,8,6.9168966530379386e-12,[56.00012582]
22,5,xc1 dx a2 ex1 ex2,2.0,0.10001277354069102,-0.01,-0.02,0.2,0.20610989309875932,2.0,2.0,-1.0,0.9,-0.9,1,1,5.867692055319136e-07,[55.99242266]
23,5,xc1 dx a2 ex1 Ir,1.4752480249496305,0.1,-0.01,-0.02,0.2,0.514584206391402,2.0,2.0,-0.1717300445586202,0.9,0,1,1,9.895025338378829e-08,[56.00173737]
24,5,xc1 dx a2 ex2 Ir,-0.8284778365182354,0.6174809532047613,-0.01,-0.02,0.2,0.2826181276907183,2.0,2.0,-0.7129000047036075,0,-0.6116971991231964,8,8,2.925948823041619e-11,[55.99946132]
25,5,xc1 dx d1 d2 ex1,1.760034788373033,0.1,-0.01,-0.02,0.2,0.2,2.0,2.0,-1.0,0.9,0,1,1,3.440916726399972e-06,[56.02784248]
26,5,xc1 dx d1 d2 ex2,2.0,0.1,-0.01,-0.02,0.2,0.2,2.0,2.0,-1.0,0,-0.035104167918957055,8,8,0.00016586202840773557,[55.61747283]
27,5,xc1 dx d1 d2 Ir,-3.0,0.1,-0.01,-0.02,0.2,0.2,2.0,2.0,-0.9170362820045522,0,0,8,8,0.005166419085808918,[54.46679842]
28,5,xc1 dx d1 ex1 ex2,1.7600208807060354,0.1,-0.01,-0.02,0.2,0.2,2.0,2.0,-1.0,0.9,-0.9,1,1,3.440910852011009e-06,[56.02743783]
29,5,xc1 dx d1 ex1 Ir,1.7597501280013415,0.1,-0.01,-0.02,0.2,0.2,2.0,2.0,-1.0,0.9,0,1,1,3.441198078972839e-06,[56.01956023]
30,5,xc1 dx d1 ex2 Ir,-0.8272247780705415,0.6287223519906999,-0.01,-0.02,0.2,0.2,2.0,2.0,-0.7311699194408626,0,-0.5857937994024787,8,8,1.6467728914153996e-09,[55.99715241]
31,5,xc1 dx d2 ex1 ex2,1.7600208807060354,0.1,-0.01,-0.02,0.2,0.2,2.0,2.0,-1.0,0.9,-0.9,1,1,3.440910852011009e-06,[56.02743783]
32,5,xc1 dx d2 ex1 Ir,1.7597501280013415,0.1,-0.01,-0.02,0.2,0.2,2.0,2.0,-1.0,0.9,0,1,1,3.441198078972839e-06,[56.01956023]
33,5,xc1 dx d2 ex2 Ir,-0.8272247780705415,0.6287223519906999,-0.01,-0.02,0.2,0.2,2.0,2.0,-0.7311699194408626,0,-0.5857937994024787,8,8,1.6467728914153996e-09,[55.99715241]
34,5,xc1 dx ex1 ex2 Ir,1.759759801217136,0.1,-0.01,-0.02,0.2,0.2,2.0,2.0,-1.0,0.9,-0.9,1,1,3.441174666346324e-06,[56.01984172]
35,5,xc1 a1 a2 d1 d2,-3.0,1.0,-0.01,-0.02,0.8858052453235097,0.2,2.0,2.0,-1.0,0,0,8,8,1.3737401043473896,[71.27649123]
36,5,xc1 a1 a2 d1 ex1,2.0,1.0,-0.01,-0.02,0.2,0.2942248103665216,2.0,2.0,-1.0,0.9,0,1,1,2.034907372949451e-05,[55.91191979]
37,5,xc1 a1 a2 d1 ex2,-0.8368284307003478,1.0,-0.01,-0.02,0.6892261764767287,0.28413572583709573,2.0,2.0,-1.0,0,-0.7142033787297578,8,8,3.2648408617462495e-13,[56.00008481]
38,5,xc1 a1 a2 d1 Ir,-3.0,1.0,-0.01,-0.02,0.2,0.2,2.0,2.0,-0.3691111222379502,0,0,8,8,0.5371167482545596,[71.07845837]
39,5,xc1 a1 a2 d2 ex1,2.0,1.0,-0.01,-0.02,0.2,0.2942248103665216,2.0,2.0,-1.0,0.9,0,1,1,2.034907372949451e-05,[55.91191979]
40,5,xc1 a1 a2 d2 ex2,-0.8368284307003478,1.0,-0.01,-0.02,0.6892261764767287,0.28413572583709573,2.0,2.0,-1.0,0,-0.7142033787297578,8,8,3.2648408617462495e-13,[56.00008481]
41,5,xc1 a1 a2 d2 Ir,-3.0,1.0,-0.01,-0.02,0.2,0.2,2.0,2.0,-0.3691111222379502,0,0,8,8,0.5371167482545596,[71.07845837]
42,5,xc1 a1 a2 ex1 ex2,2.0,1.0,-0.01,-0.02,0.21616209206350456,0.3172693393085483,2.0,2.0,-1.0,0.9,-0.9,1,1,2.789282100538014e-05,[55.96531577]
43,5,xc1 a1 a2 ex1 Ir,2.0,1.0,-0.01,-0.02,0.2,0.45752819067643197,2.0,2.0,-0.41175265558710616,0.9,0,1,1,1.960913795055396e-05,[55.91206735]
44,5,xc1 a1 a2 ex2 Ir,-0.8355167710406926,1.0,-0.01,-0.02,0.34798135524788587,0.2020284980210255,2.0,2.0,-0.814643012244604,0,-0.7429339364447642,8,8,8.775481704785532e-13,[55.99980379]
45,5,xc1 a1 d1 d2 ex1,1.572752752447815,1.0,-0.01,-0.02,0.2,0.2,2.0,2.0,-1.0,0.9,0,1,1,0.00019432247635081583,[57.20716835]
46,5,xc1 a1 d1 d2 ex2,-0.822862628843147,1.0,-0.01,-0.02,0.6667265914120373,0.2,2.0,2.0,-1.0,0,-0.6896890613026497,8,8,1.1829960515002307e-11,[56.00033532]
47,5,xc1 a1 d1 d2 Ir,-3.0,1.0,-0.01,-0.02,0.2,0.2,2.0,2.0,-0.3691114480208537,0,0,8,8,0.5371167482530568,[71.07843157]
48,5,xc1 a1 d1 ex1 ex2,1.5730140376774644,1.0,-0.01,-0.02,0.2,0.2,2.0,2.0,-1.0,0.9,-0.9,1,1,0.00019432319266484162,[57.21440667]
49,5,xc1 a1 d1 ex1 Ir,1.572373825751484,1.0,-0.01,-0.02,0.2,0.2,2.0,2.0,-1.0,0.9,0,1,1,0.00019432312792298323,[57.19666912]
50,5,xc1 a1 d1 ex2 Ir,-0.8342309791755702,1.0,-0.01,-0.02,0.27774434442654516,0.2,2.0,2.0,-0.7715092139156927,0,-0.7525313686854724,8,8,1.934722888125433e-10,[55.99996418]
51,5,xc1 a1 d2 ex1 ex2,1.5730140376774644,1.0,-0.01,-0.02,0.2,0.2,2.0,2.0,-1.0,0.9,-0.9,1,1,0.00019432319266484162,[57.21440667]
52,5,xc1 a1 d2 ex1 Ir,1.572373825751484,1.0,-0.01,-0.02,0.2,0.2,2.0,2.0,-1.0,0.9,0,1,1,0.00019432312792298323,[57.19666912]
53,5,xc1 a1 d2 ex2 Ir,-0.8342309791755702,1.0,-0.01,-0.02,0.27774434442654516,0.2,2.0,2.0,-0.7715092139156927,0,-0.7525313686854724,8,8,1.934722888125433e-10,[55.99996418]
54,5,xc1 a1 ex1 ex2 Ir,1.572702004500586,1.0,-0.01,-0.02,0.2,0.2,2.0,2.0,-1.0,0.9,-0.9,1,1,0.0001943224476174435,[57.20576243]
55,5,xc1 a2 d1 d2 ex1,2.0,1.0,-0.01,-0.02,0.2,0.29420847372930586,2.0,2.0,-1.0,0.9,0,1,1,2.0349162180002498e-05,[55.91511076]
56,5,xc1 a2 d1 d2 ex2,1.6015360515398112,1.0,-0.01,-0.02,0.2,0.2,2.0,2.0,-1.0,0,-0.28163704355443797,8,8,0.04344287968163738,[42.74470549]
57,5,xc1 a2 d1 d2 Ir,-3.0,1.0,-0.01,-0.02,0.2,0.2,2.0,2.0,-0.3691115118674901,0,0,8,8,0.5371167482530639,[71.07842631]
58,5,xc1 a2 d1 ex1 ex2,1.960942618548374,1.0,-0.01,-0.02,0.2,0.2920336982843418,2.0,2.0,-1.0,0.9,-0.9,1,1,2.4356032923214538e-05,[55.62697328]
59,5,xc1 a2 d1 ex1 Ir,2.0,1.0,-0.01,-0.02,0.2,0.9414147095039724,2.0,2.0,-0.14249285871200204,0.9,0,1,1,2.2097002144870617e-05,[36.12373755]
60,5,xc1 a2 d1 ex2 Ir,-0.831775500875829,1.0,-0.01,-0.02,0.2,0.24506002190827778,2.0,2.0,-0.7237138273726339,0,-0.7770687338634354,8,8,5.341229858936169e-11,[56.00074819]
61,5,xc1 a2 d2 ex1 ex2,1.960942618548374,1.0,-0.01,-0.02,0.2,0.2920336982843418,2.0,2.0,-1.0,0.9,-0.9,1,1,2.4356032923214538e-05,[55.62697328]
62,5,xc1 a2 d2 ex1 Ir,2.0,1.0,-0.01,-0.02,0.2,0.9414147095039724,2.0,2.0,-0.14249285871200204,0.9,0,1,1,2.2097002144870617e-05,[36.12373755]
63,5,xc1 a2 d2 ex2 Ir,-0.831775500875829,1.0,-0.01,-0.02,0.2,0.24506002190827778,2.0,2.0,-0.7237138273726339,0,-0.7770687338634354,8,8,5.341229858936169e-11,[56.00074819]
64,5,xc1 a2 ex1 ex2 Ir,2.0,1.0,-0.01,-0.02,0.2,1.0,2.0,2.0,-0.12473699773646578,0.9,-0.9,1,1,2.081271666174749e-05,[36.1035045]
65,5,xc1 d1 d2 ex1 ex2,1.5722077689792897,1.0,-0.01,-0.02,0.2,0.2,2.0,2.0,-1.0,0.9,-0.9,1,1,0.0001943240433116091,[57.19206721]
66,5,xc1 d1 d2 ex1 Ir,1.5720774269366165,1.0,-0.01,-0.02,0.2,0.2,2.0,2.0,-1.0,0.9,0,1,1,0.00019432503043648004,[57.18845486]
67,5,xc1 d1 d2 ex2 Ir,-0.8314789829909293,1.0,-0.01,-0.02,0.2,0.2,2.0,2.0,-0.7234200342490923,0,-0.7634152609801604,8,8,5.054764877805352e-11,[55.99805182]
68,5,xc1 d1 ex1 ex2 Ir,1.571992922664953,1.0,-0.01,-0.02,0.2,0.2,2.0,2.0,-1.0,0.9,-0.9,1,1,0.00019432579657895814,[57.18611269]
69,5,xc1 d2 ex1 ex2 Ir,1.571992922664953,1.0,-0.01,-0.02,0.2,0.2,2.0,2.0,-1.0,0.9,-0.9,1,1,0.00019432579657895814,[57.18611269]
70,5,dx a1 a2 d1 d2,-1,0.1,-0.01,-0.02,0.24317420131729478,0.2,2.0,2.0,-1.0,0,0,8,8,0.12193802422236334,[22.00883372]
71,5,dx a1 a2 d1 ex1,-1,0.1,-0.01,-0.02,0.24226141047560576,0.2,2.0,2.0,-1.0,0.9,0,1,1,0.0002225006775734034,[33.99489355]
72,5,dx a1 a2 d1 ex2,-1,0.5345963686831234,-0.01,-0.02,0.6065890381316598,0.21132446888343856,2.0,2.0,-1.0,0,-0.4475133463577283,8,8,0.00014552699222929608,[47.51312615]
73,5,dx a1 a2 d1 Ir,-1,0.1,-0.01,-0.02,0.24317420700721498,0.2,2.0,2.0,-1.0,0,0,8,8,0.12193802422235729,[22.00883863]
74,5,dx a1 a2 d2 ex1,-1,0.1,-0.01,-0.02,0.24226141047560576,0.2,2.0,2.0,-1.0,0.9,0,1,1,0.0002225006775734034,[33.99489355]
75,5,dx a1 a2 d2 ex2,-1,0.5345963686831234,-0.01,-0.02,0.6065890381316598,0.21132446888343856,2.0,2.0,-1.0,0,-0.4475133463577283,8,8,0.00014552699222929608,[47.51312615]
76,5,dx a1 a2 d2 Ir,-1,0.1,-0.01,-0.02,0.24317420700721498,0.2,2.0,2.0,-1.0,0,0,8,8,0.12193802422235729,[22.00883863]
77,5,dx a1 a2 ex1 ex2,-1,0.1,-0.01,-0.02,0.2422626317726923,0.2,2.0,2.0,-1.0,0.9,-0.9,1,1,0.00022250067569963049,[33.99534268]
78,5,dx a1 a2 ex1 Ir,-1,0.1,-0.01,-0.02,0.2,0.2,2.0,2.0,-0.6551736114479594,0.9,0,1,1,0.00012162780721162065,[34.89091245]
79,5,dx a1 a2 ex2 Ir,-1,0.5297679407253536,-0.01,-0.02,0.3992430602745688,0.20000079415488117,2.0,2.0,-0.8600925098755929,0,-0.49694052964838215,8,8,9.424419351641767e-05,[50.6238864]
80,5,dx a1 d1 d2 ex1,-1,0.1,-0.01,-0.02,0.24226243499174244,0.2,2.0,2.0,-1.0,0.9,0,1,1,0.00022250067561948672,[33.99527032]
81,5,dx a1 d1 d2 ex2,-1,0.5360304351619793,-0.01,-0.02,0.5980596786003022,0.2,2.0,2.0,-1.0,0,-0.44628063306793925,8,8,0.00014591534151357205,[47.46925995]
82,5,dx a1 d1 d2 Ir,-1,0.1,-0.01,-0.02,0.24317421285227536,0.2,2.0,2.0,-1.0,0,0,8,8,0.12193802422235404,[22.00883994]
83,5,dx a1 d1 ex1 ex2,-1,0.1,-0.01,-0.02,0.24226210640732856,0.2,2.0,2.0,-1.0,0.9,-0.9,1,1,0.00022250067581278728,[33.99514948]
84,5,dx a1 d1 ex1 Ir,-1,0.1,-0.01,-0.02,0.2,0.2,2.0,2.0,-0.655058481634821,0.9,0,1,1,0.00012162827490279635,[34.89690878]
85,5,dx a1 d1 ex2 Ir,-1,0.4919067579570873,-0.01,-0.02,0.2,0.2,2.0,2.0,-0.7249415826973735,0,-0.5229111222650835,8,8,7.605459742444435e-05,[51.41986973]
86,5,dx a1 d2 ex1 ex2,-1,0.1,-0.01,-0.02,0.24226210640732856,0.2,2.0,2.0,-1.0,0.9,-0.9,1,1,0.00022250067581278728,[33.99514948]
87,5,dx a1 d2 ex1 Ir,-1,0.1,-0.01,-0.02,0.2,0.2,2.0,2.0,-0.655058481634821,0.9,0,1,1,0.00012162827490279635,[34.89690878]
88,5,dx a1 d2 ex2 Ir,-1,0.4919067579570873,-0.01,-0.02,0.2,0.2,2.0,2.0,-0.7249415826973735,0,-0.5229111222650835,8,8,7.605459742444435e-05,[51.41986973]
89,5,dx a1 ex1 ex2 Ir,-1,0.1,-0.01,-0.02,0.2,0.2,2.0,2.0,-0.6550394916778488,0.9,-0.9,1,1,0.00012162842007445652,[34.89789739]
90,5,dx a2 d1 d2 ex1,-1,0.1,-0.01,-0.02,0.2,0.22464851335679997,2.0,2.0,-1.0,0.9,0,1,1,0.0002807001915176728,[58.90773393]
91,5,dx a2 d1 d2 ex2,-1,0.1,-0.01,-0.02,0.2,0.2,2.0,2.0,-1.0,0,-0.028018847739067026,8,8,0.18500929342311884,[11.94457077]
92,5,dx a2 d1 d2 Ir,-1,0.1,-0.01,-0.02,0.2,0.2,2.0,2.0,-0.9669726407294624,0,0,8,8,0.14266200517150252,[23.87308018]
93,5,dx a2 d1 ex1 ex2,-1,0.1,-0.01,-0.02,0.2,0.22464956521703616,2.0,2.0,-1.0,0.9,-0.9,1,1,0.0002807001896999071,[58.90747641]
94,5,dx a2 d1 ex1 Ir,-1,0.12668604684865686,-0.01,-0.02,0.2,0.30268835469550665,2.0,2.0,-0.25930063963413763,0.9,0,1,1,0.0001838086835322986,[34.4551839]
95,5,dx a2 d1 ex2 Ir,-1,0.48927311991735106,-0.01,-0.02,0.2,0.20160171222168574,2.0,2.0,-0.7250312581008215,0,-0.5216953393975423,8,8,7.57690827789184e-05,[51.43214689]
96,5,dx a2 d2 ex1 ex2,-1,0.1,-0.01,-0.02,0.2,0.22464956521703616,2.0,2.0,-1.0,0.9,-0.9,1,1,0.0002807001896999071,[58.90747641]
97,5,dx a2 d2 ex1 Ir,-1,0.12668604684865686,-0.01,-0.02,0.2,0.30268835469550665,2.0,2.0,-0.25930063963413763,0.9,0,1,1,0.0001838086835322986,[34.4551839]
98,5,dx a2 d2 ex2 Ir,-1,0.48927311991735106,-0.01,-0.02,0.2,0.20160171222168574,2.0,2.0,-0.7250312581008215,0,-0.5216953393975423,8,8,7.57690827789184e-05,[51.43214689]
99,5,dx a2 ex1 ex2 Ir,-1,0.1269661366343757,-0.01,-0.02,0.2,0.3103736276134909,2.0,2.0,-0.24767890140988388,0.9,-0.9,1,1,0.00018666980290339507,[34.27139332]
100,5,dx d1 d2 ex1 ex2,-1,0.10380789855043376,-0.01,-0.02,0.2,0.2,2.0,2.0,-1.0,0.9,-0.9,1,1,0.0059984569231084335,[72.94461481]
101,5,dx d1 d2 ex1 Ir,-1,0.1,-0.01,-0.02,0.2,0.2,2.0,2.0,-0.6551198139242354,0.9,0,1,1,0.00012162793755498563,[34.89371497]
102,5,dx d1 d2 ex2 Ir,-1,0.4847214599084369,-0.01,-0.02,0.2,0.2,2.0,2.0,-0.7268564666322563,0,-0.5176033048299441,8,8,7.542515313633105e-05,[51.44693011]
103,5,dx d1 ex1 ex2 Ir,-1,0.1,-0.01,-0.02,0.2,0.2,2.0,2.0,-0.655115250118676,0.9,-0.9,1,1,0.0001216279557359044,[34.89395267]
104,5,dx d2 ex1 ex2 Ir,-1,0.1,-0.01,-0.02,0.2,0.2,2.0,2.0,-0.655115250118676,0.9,-0.9,1,1,0.0001216279557359044,[34.89395267]
105,5,a1 a2 d1 d2 ex1,-1,1.0,-0.01,-0.02,0.3100867344685062,0.2,2.0,2.0,-1.0,0.9,0,1,1,0.006887703825789855,[24.31740541]
106,5,a1 a2 d1 d2 ex2,-1,1.0,-0.01,-0.02,0.747608673586807,0.20000179486174768,2.0,2.0,-1.0,0,-0.6945587945832392,8,8,8.261361154364944e-05,[51.13620176]
107,5,a1 a2 d1 d2 Ir,-1,1.0,-0.01,-0.02,0.2,0.2,2.0,2.0,-0.6890451204603504,0,0,8,8,11.580165815984428,[37.63790933]
108,5,a1 a2 d1 ex1 ex2,-1,1.0,-0.01,-0.02,0.31009010428461503,0.2,2.0,2.0,-1.0,0.9,-0.9,1,1,0.006887703814915946,[24.31772962]
109,5,a1 a2 d1 ex1 Ir,-1,1.0,-0.01,-0.02,0.2,0.2732451661203627,2.0,2.0,-0.10305997455245136,0.9,0,1,1,0.000949978640226693,[34.24565884]
110,5,a1 a2 d1 ex2 Ir,-1,1.0,-0.01,-0.02,0.4394981810764846,0.20000030887348147,2.0,2.0,-0.829371585609256,0,-0.7535177280864492,8,8,7.847922115036875e-05,[51.31463528]
111,5,a1 a2 d2 ex1 ex2,-1,1.0,-0.01,-0.02,0.31009010428461503,0.2,2.0,2.0,-1.0,0.9,-0.9,1,1,0.006887703814915946,[24.31772962]
112,5,a1 a2 d2 ex1 Ir,-1,1.0,-0.01,-0.02,0.2,0.2732451661203627,2.0,2.0,-0.10305997455245136,0.9,0,1,1,0.000949978640226693,[34.24565884]
113,5,a1 a2 d2 ex2 Ir,-1,1.0,-0.01,-0.02,0.4394981810764846,0.20000030887348147,2.0,2.0,-0.829371585609256,0,-0.7535177280864492,8,8,7.847922115036875e-05,[51.31463528]
114,5,a1 a2 ex1 ex2 Ir,-1,1.0,-0.01,-0.02,0.2,0.27771595046219694,2.0,2.0,-0.1,0.9,-0.9,1,1,0.000949707382106193,[34.24825109]
115,5,a1 d1 d2 ex1 ex2,-1,1.0,-0.01,-0.02,0.31009199828182077,0.2,2.0,2.0,-1.0,0.9,-0.9,1,1,0.006887703816931528,[24.31791184]
116,5,a1 d1 d2 ex1 Ir,-1,1.0,-0.01,-0.02,0.2,0.2,2.0,2.0,-0.1848011414293467,0.9,0,1,1,0.0009537830162542943,[34.28052193]
117,5,a1 d1 d2 ex2 Ir,-1,1.0,-0.01,-0.02,0.43467310972741213,0.2,2.0,2.0,-0.826503191647813,0,-0.7543749093763745,8,8,7.860790813330021e-05,[51.30910076]
118,5,a1 d1 ex1 ex2 Ir,-1,1.0,-0.01,-0.02,0.2,0.2,2.0,2.0,-0.18471660320977046,0.9,-0.9,1,1,0.0009537827772462891,[34.28502805]
119,5,a1 d2 ex1 ex2 Ir,-1,1.0,-0.01,-0.02,0.2,0.2,2.0,2.0,-0.18471660320977046,0.9,-0.9,1,1,0.0009537827772462891,[34.28502805]
120,5,a2 d1 d2 ex1 ex2,-1,1.0,-0.01,-0.02,0.2,0.2,2.0,2.0,-1.0,0.9,-0.9,1,1,0.018924099568987978,[12.50654316]
121,5,a2 d1 d2 ex1 Ir,-1,1.0,-0.01,-0.02,0.2,0.27579703956782464,2.0,2.0,-0.10129042916908032,0.9,0,1,1,0.0009498238581403996,[34.24759183]
122,5,a2 d1 d2 ex2 Ir,-1,1.0,-0.01,-0.02,0.2,0.2,2.0,2.0,-0.6835160762157905,0,-0.7944443612870404,8,8,9.0874051300054e-05,[50.77344272]
123,5,a2 d1 ex1 ex2 Ir,-1,1.0,-0.01,-0.02,0.2,0.27771405131721916,2.0,2.0,-0.1,0.9,-0.9,1,1,0.000949707381837414,[34.24837522]
124,5,a2 d2 ex1 ex2 Ir,-1,1.0,-0.01,-0.02,0.2,0.27771405131721916,2.0,2.0,-0.1,0.9,-0.9,1,1,0.000949707381837414,[34.24837522]
125,5,d1 d2 ex1 ex2 Ir,-1,1.0,-0.01,-0.02,0.2,0.2,2.0,2.0,-0.184602770423642,0.9,-0.9,1,1,0.0009537831515521605,[34.29109653]
